"start","end","seqID","numID","score","top_N","top_5_N","representative"
7701,9900,"Rradicans_chr2_extr2",1,0.00145833333333333,0,".",""
11001,12100,"Rradicans_chr2_extr2",1,0,220,".N_220_Count_1.","aaaattaatcttagtgtatataaccatgttttagggtttataatttagacttattactattgtggtgtagtttaaacttaatagtattattttttttcttgtagagtcgatgacagccaaacgataaaaattgcgacttttatgcgatgacatatcgctacgcaagattcttgatcactacacgctacacgaggagctcccattggtatggattaatttt"
36301,40700,"Rradicans_chr2_extr2",1,0.00311764705882353,0,".",""
44001,45100,"Rradicans_chr2_extr2",1,0,0,".",""
46201,48400,"Rradicans_chr2_extr2",1,0.00116666666666667,0,".",""
50601,52800,"Rradicans_chr2_extr2",1,0.00345833333333333,0,".",""
53901,55000,"Rradicans_chr2_extr2",1,0,0,".",""
57201,60500,"Rradicans_chr2_extr2",1,0.000652173913043478,0,".",""
61601,63800,"Rradicans_chr2_extr2",1,0.00191666666666667,0,".",""
68201,70400,"Rradicans_chr2_extr2",1,0.004375,0,".",""
82501,83600,"Rradicans_chr2_extr2",1,0.0015,0,".",""
84701,85800,"Rradicans_chr2_extr2",1,0,0,".",""
86901,88000,"Rradicans_chr2_extr2",1,0,0,".",""
100101,102300,"Rradicans_chr2_extr2",1,0.00341666666666667,0,".",""
103401,105600,"Rradicans_chr2_extr2",1,0.01525,152,".N_152_Count_9.","aaatatattaaaaaataaatatgtcatcttatctaattatagtactgttactgagaattcacatattacttttttctcactccaaaggatacatccttgctatcagcaccaatcaaattttatgacattttatgattctataatctttaatt"
106701,108900,"Rradicans_chr2_extr2",1,0.0598333333333333,383,".N_383_Count_11.","aaaataatttatatgttattttattatgttgccgctcaaaactgttatttaatgatggatttgctcaaatcaattgtttatttaattgttattgttttgtatttttgaacttatttcttaattgtcatgataaattgtatgtataaaggaagattattttaaaataatccggaatttcgggaaaaaaaaacccaacaaaaaatcgacattttttaaatgtattgcgatatcggttttcaaaagccaatactaatatcggtttttgaaaaaccaatacaagctagtatcgacttttgaaaaaccgatactagcttgtatcggcttctcaaaagccggtactagcacttctgttttttttctttttttgctttgatttaaatttt"
126501,129800,"Rradicans_chr2_extr2",1,0.0142173913043478,504,".N_504_Count_8.","aaactttttattaatattttttataaaaaataataattagattagaacactattatgatttaaataacaggattgttacggaatttagaattccgtaactaatgttttttttctttttggaacaaattcttggaatttgttccgtgtagtgatttttttttctgttttcggttttttctttttgcttttattttacttttgtattttttaatatctttacattttaataaattgtataatatataatattttaaatatgtgtcctgtcgtgtcgagtcgtgttaaacacgtcgtgtccggatcatttgttatgtcgttagtgttctccaattgtatgtgtcgtgtcgtgtcaaatacgatcgtgttagagtctcgtgtcgtgtgacacgtcgtgttagtcgcgtcaaatcgtgtcatattattttattatttttttaattaaaaattattaaaaaattaaaagaaaaattactaaacataataaattattatttgataaagttt"
130901,132000,"Rradicans_chr2_extr2",1,0,0,".",""
135301,137500,"Rradicans_chr2_extr2",1,0.0150833333333333,73,".N_73_Count_10.","acgcttgatagtgttgtgtaacgctttgacttttttcagtattcgtttgactttcttgctcaagcgttacata"
138601,139700,"Rradicans_chr2_extr2",1,0,0,".",""
140801,141900,"Rradicans_chr2_extr2",1,0,0,".",""
143001,144100,"Rradicans_chr2_extr2",1,0,0,".",""
145201,146300,"Rradicans_chr2_extr2",1,0,0,".",""
150701,151800,"Rradicans_chr2_extr2",1,0,0,".",""
160601,277200,"Rradicans_chr2_extr2",1,0.544279290964116,172,".N_172_Count_1152.N_181_Count_9.N_169_Count_1.N_178_Count_1.N_197_Count_1.","tgttatttattcaaaaagattggattatacatgttaattacgcatataaagtgcaaataatgcaattctgggcatcatttgagcatttcaatcgtttctagattcattctaagtcatttcatcacaataatctacatttaaactcattatactgtctagagtacgattcata"
277201,283800,"Rradicans_chr2_extr2",1,0.436030303030303,172,".N_172_Count_58.N_7_Count_7.","acatatgaatcgtattctagacagtataatgagtttaaatatagattattgtgatgaaatgacttagaatgaatccagaaacgattgaaatgctgaaatgatgcccagaattgcattatttgcactttatatgcgtaattaacatgtataatccaatctttttgaataaata"
